month,eligible,picks,labeled,unlabeled,top5_hits,decile_hits,top20_hits,mean_gross,mean_net,composite_ic,benchmark_ret,regime,engine_ret,end_equity,sells_trigger_b_dma,sells_trigger_b_stop,sells_trigger_b_trail,sells_monthly_review,buys_skipped_no_slot
2023-08-31,1256,63,40,23,1,3,0,0.009549,-0.000451,0.015743,-0.006040,flat,,1000000.00,0,0,0,0,0
2023-09-29,1299,65,40,25,2,6,0,0.012603,0.002603,0.212206,0.021926,up,-0.131288,868712.10,4,2,0,1,0
2023-10-31,1291,65,44,21,7,9,1,0.106782,0.096782,0.080212,-0.027744,down,0.003957,872149.56,7,0,0,0,0
2023-11-30,1301,65,51,14,5,7,1,0.049554,0.039554,-0.027647,0.071510,up,0.047755,913799.42,1,0,0,0,0
2023-12-29,1289,64,52,12,2,2,1,0.090910,0.080910,0.093311,0.080133,up,0.063742,972046.69,2,0,0,0,0
2024-01-31,1293,65,58,7,6,9,2,0.019547,0.009547,0.085329,0.019507,flat,0.003257,975212.74,1,0,1,0,0
2024-02-29,1281,64,49,15,3,6,0,-0.063834,-0.073834,0.182098,0.015741,flat,0.036967,1011263.18,4,0,0,0,0
2024-03-28,1267,63,56,7,5,8,2,0.125053,0.115053,0.121116,0.008379,flat,0.013157,1024568.36,2,1,0,0,0
2024-04-30,1306,65,52,13,3,3,1,-0.042111,-0.052111,0.057510,0.036650,up,0.037497,1062986.21,2,0,0,0,0
2024-05-31,1340,67,50,17,6,8,4,0.133542,0.123542,0.000043,0.007314,flat,-0.025264,1036130.83,2,1,1,0,0
2024-06-28,1353,68,52,16,5,9,0,0.076654,0.066654,0.025021,0.070512,up,0.047362,1085204.06,0,0,1,0,0
2024-07-31,1345,67,52,15,3,4,1,0.029178,0.019178,0.087569,0.043910,up,-0.034629,1047624.83,4,0,2,0,0
2024-08-30,1319,66,51,15,2,3,0,0.007211,-0.002789,0.078743,0.010356,flat,-0.008112,1039126.96,3,1,0,0,0
2024-09-30,1285,64,55,9,4,6,1,-0.050824,-0.060824,0.114194,0.021668,up,-0.043077,994364.76,2,1,1,0,0
2024-10-31,1272,64,47,17,4,7,1,0.022695,0.012695,0.050445,-0.063521,down,-0.008366,986045.91,1,3,1,0,0
2024-11-29,1293,65,50,15,4,8,2,0.018988,0.008988,0.113485,0.000458,flat,0.015310,1001142.34,2,0,0,0,0
2024-12-31,1299,65,46,19,0,2,0,-0.109457,-0.119457,-0.032162,-0.013655,flat,-0.012216,988912.60,7,1,0,0,0
2025-01-31,1304,65,47,18,3,7,1,-0.138555,-0.148555,0.147783,-0.034701,down,-0.010929,978104.74,2,1,1,0,0
2025-02-28,1277,64,48,16,3,7,3,0.071459,0.061459,0.140432,-0.077864,down,-0.045836,933272.71,2,3,0,0,0
2025-03-28,1318,66,57,9,3,3,1,0.020370,0.010370,-0.057468,0.073529,up,0.009292,941945.06,1,1,0,0,0
2025-04-30,1355,68,57,11,3,6,1,0.071736,0.061736,-0.203716,0.032513,up,0.033890,973867.66,0,0,0,1,0
2025-05-30,1366,68,59,9,1,5,0,0.033442,0.023442,0.028553,0.036524,up,-0.001614,972295.46,1,1,0,1,1
2025-06-30,1340,67,56,11,3,8,1,0.017137,0.007137,0.205767,0.037669,up,0.004266,976443.32,3,0,0,0,1
2025-07-31,1309,65,56,9,4,7,2,0.007213,-0.002787,0.171014,-0.028268,down,-0.048574,929013.62,3,2,0,0,0
2025-08-29,1312,66,58,8,9,14,0,0.045632,0.035632,-0.012408,-0.018165,flat,-0.030781,900417.27,4,2,0,0,0
2025-09-30,1329,66,56,10,2,3,0,0.038335,0.028335,0.125707,0.012315,flat,-0.012916,888787.23,6,0,1,0,0
2025-10-31,1302,65,59,6,2,7,2,-0.000959,-0.010959,0.199173,0.043658,up,0.012296,899716.14,2,0,0,0,0
2025-11-28,1286,64,57,7,4,5,4,0.020125,0.010125,0.203756,0.009965,flat,0.039319,935091.64,0,0,0,0,0
2025-12-31,1283,64,59,5,14,18,5,0.006632,-0.003368,0.229310,-0.002573,flat,-0.015675,920433.84,3,0,0,0,0
2026-01-30,1306,65,59,6,0,6,0,-0.012502,-0.022502,0.114447,-0.032732,down,-0.026052,896454.81,4,0,1,0,0
2026-02-27,1316,66,62,4,1,4,0,-0.126315,-0.136315,0.168902,0.004517,flat,-0.015648,882427.04,3,1,2,0,0
2026-03-30,1329,66,58,8,1,2,0,0.167692,0.157692,-0.159229,-0.113647,down,-0.052918,835731.04,2,4,0,0,0
2026-04-30,1339,67,61,6,5,7,0,0.040600,0.030600,0.159696,0.105247,up,0.018769,851416.96,3,1,0,0,0
2026-05-29,1350,68,63,5,2,5,1,0.032256,0.022256,-0.031509,-0.000133,flat,-0.009442,843377.92,2,0,1,0,0
2026-06-30,1354,68,63,5,3,5,1,0.002184,-0.007816,0.109420,0.017069,flat,-0.009110,835694.98,1,2,0,0,0
