feature,n,mean_monthly_ic,months_with_ic,pooled_ic
mom_1m,44289,-0.013908,35,-0.013739
mom_3m,44254,-0.012684,35,-0.013118
mom_6m,44217,0.006246,35,-0.006867
mom_12m_1m,42393,0.044307,35,0.038923
volume_zscore,43772,0.018511,35,0.072856
up_volume_20d,43595,0.009302,35,0.010119
down_volume_20d,43595,0.019247,35,0.023099
up_down_volume_ratio,43442,-0.023683,35,-0.028419
breakout_volume_confirmed,43584,0.000495,35,0.002084
delivery_pct,44304,0.068168,35,0.082401
delivery_pct_zscore,43772,0.033089,35,0.050192
delivery_pct_trend,43801,0.034785,35,0.048169
delivery_spike_while_flat,43709,0.007408,35,0.005048
atr_ratio,43761,-0.051612,35,0.043361
nr7,43967,-0.016792,35,-0.030355
squeeze_days_20d,43595,-0.017244,35,-0.037273
range_compression_20d,43309,-0.058152,35,0.034751
close_in_range,44258,-0.036394,35,-0.134147
upper_wick_ratio,44258,-0.000714,35,0.009872
lower_wick_ratio,44258,-0.013605,35,-0.028487
consec_higher_lows,44245,-0.021844,35,-0.061262
big_body_day_in_trend,43584,-0.002305,35,0.027735
