date,strategy_equity,benchmark_equity,nifty200_equity,strategy_return,benchmark_return,nifty200_return
2023-08-31,1000000.00,1.000000,1.000000,,,
2023-09-29,868712.10,1.021926,1.021982,-0.131288,0.021926,0.021982
2023-10-31,872149.56,0.993573,0.992426,0.003957,-0.027744,-0.028921
2023-11-30,913799.42,1.064623,1.060340,0.047755,0.071510,0.068433
2023-12-29,972046.69,1.149934,1.149101,0.063742,0.080133,0.083710
2024-01-31,975212.74,1.172367,1.164588,0.003257,0.019507,0.013477
2024-02-29,1011263.18,1.190821,1.186169,0.036967,0.015741,0.018531
2024-03-28,1024568.36,1.200799,1.202883,0.013157,0.008379,0.014091
2024-04-30,1062986.21,1.244808,1.236396,0.037497,0.036650,0.027860
2024-05-31,1036130.83,1.253912,1.246326,-0.025264,0.007314,0.008032
2024-06-28,1085204.06,1.342329,1.330187,0.047362,0.070512,0.067286
2024-07-31,1047624.83,1.401270,1.389208,-0.034629,0.043910,0.044371
2024-08-30,1039126.96,1.415781,1.403913,-0.008112,0.010356,0.010585
2024-09-30,994364.76,1.446459,1.434965,-0.043077,0.021668,0.022118
2024-10-31,986045.91,1.354578,1.338539,-0.008366,-0.063521,-0.067197
2024-11-29,1001142.34,1.355199,1.340110,0.015310,0.000458,0.001173
2024-12-31,988912.60,1.336693,1.318587,-0.012216,-0.013655,-0.016060
2025-01-31,978104.74,1.290308,1.286116,-0.010929,-0.034701,-0.024626
2025-02-28,933272.71,1.189840,1.193997,-0.045836,-0.077864,-0.071625
2025-03-28,941945.06,1.277327,1.279592,0.009292,0.073529,0.071687
2025-04-30,973867.66,1.318856,1.324676,0.033890,0.032513,0.035233
2025-05-30,972295.46,1.367026,1.362377,-0.001614,0.036524,0.028460
2025-06-30,976443.32,1.418521,1.410157,0.004266,0.037669,0.035071
2025-07-31,929013.62,1.378422,1.368885,-0.048574,-0.028268,-0.029268
2025-08-29,900417.27,1.353383,1.347418,-0.030781,-0.018165,-0.015682
2025-09-30,888787.23,1.370050,1.364059,-0.012916,0.012315,0.012351
2025-10-31,899716.14,1.429865,1.426926,0.012296,0.043658,0.046088
2025-11-28,935091.64,1.444113,1.449303,0.039319,0.009965,0.015682
2025-12-31,920433.84,1.440397,1.444744,-0.015675,-0.002573,-0.003146
2026-01-30,896454.81,1.393250,1.401644,-0.026052,-0.032732,-0.029832
2026-02-27,882427.04,1.399543,1.405453,-0.015648,0.004517,0.002718
2026-03-30,835731.04,1.240489,1.243733,-0.052918,-0.113647,-0.115066
2026-04-30,851416.96,1.371047,1.364863,0.018769,0.105247,0.097393
2026-05-29,843377.92,1.370865,1.362231,-0.009442,-0.000133,-0.001928
2026-06-30,835694.98,1.394264,1.379344,-0.009110,0.017069,0.012562
