symbol,med20,n_days
20MICRONS,769515.05,20
3MINDIA,84299766.725,20
5PAISA,1815746.925,20
63MOONS,9989344.899999999,20
AARTIDRUGS,15976087.55,20
AARTIIND,237470162.425,20
AAVAS,104424595.225,20
ABAN,1015984.1,20
ABB,49502563.225,20
ABBOTINDIA,187479984.89999998,20
ABCAPITAL,165640648.075,20
ABFRL,248646037.5,20
ACC,1081385014.475,20
ACCELYA,4329456.175000001,20
ACE,7562742.975,20
ADANIENT,809124102.575,20
ADANIGAS,140926932.6,20
ADANIGREEN,186299891.05,20
ADANIPORTS,761120575.075,20
ADANIPOWER,342010437.75,20
ADANITRANS,53905869.05,20
ADFFOODS,4799760.075,20
ADHUNIKIND,1886566.675,20
ADORWELD,1763438.0,20
ADVANIHOTR,313434.525,20
ADVENZYMES,8425647.7,20
AEGISCHEM,55893080.099999994,20
AFFLE,427588580.275,20
AGARIND,636381.3500000001,20
AGCNET,8433438.3,20
AGRITECH,384473.375,20
AHLEAST,152054.675,20
AHLUCONT,1813765.6749999998,20
AHLWEST,499432.625,20
AIAENG,50667530.25,20
AJANTPHARM,346856894.975,20
AJMERA,2952610.975,20
AKSHARCHEM,5321665.175000001,20
AKZOINDIA,33865340.45,20
ALBERTDAVD,5160446.199999999,20
ALEMBICLTD,6624363.05,20
ALICON,1045321.4500000001,20
ALKALI,289563.925,20
ALKEM,240018255.775,20
ALKYLAMINE,58229128.775000006,20
ALLCARGO,26775830.75,20
ALLSEC,864382.575,20
ALPHAGEO,4867433.1,20
AMARAJABAT,428864525.775,20
AMBER,110019712.925,20
AMBIKCO,2616672.3499999996,20
AMBUJACEM,756991376.0250001,20
AMRUTANJAN,20330347.275,20
ANANTRAJ,5161727.449999999,20
ANDHRSUGAR,7902490.55,20
ANUP,10184357.575,20
APARINDS,9344921.05,20
APCL,606367.525,20
APCOTEXIND,7104574.525,20
APEX,132871123.35,20
APLAPOLLO,72522815.92500001,20
APLLTD,95832227.8,20
APOLLO,2390644.275,20
APOLLOHOSP,1155093218.95,20
APOLLOTYRE,457071238.275,20
APOLSINHOT,896518.8500000001,20
APTECHT,25112846.15,20
ARIES,1387602.05,20
ARIHANTSUP,31681.225,20
ARMANFIN,12034277.725,20
AROGRANITE,166900.125,20
ARVIND,33465369.675,20
ARVINDFASN,9795501.9,20
ARVSMART,1544610.8,20
ASAHIINDIA,10861488.725,20
ASAHISONG,1160346.925,20
ASHAPURMIN,1262467.15,20
ASHIANA,3338119.925,20
ASHOKA,44203297.275,20
ASHOKLEY,1667332147.275,20
ASIANHOTNR,155988.825,20
ASIANPAINT,1956931835.375,20
ASIANTILES,24377176.525,20
ASPINWALL,109946.6,20
ASTEC,3013123.85,20
ASTERDM,15235809.15,20
ASTRAL,83957425.375,20
ASTRAMICRO,48407811.6,20
ASTRAZEN,73268740.32499999,20
ASTRON,1537934.1749999998,20
ATFL,5291929.324999999,20
ATUL,83361306.4,20
ATULAUTO,6256201.425000001,20
AUBANK,629699099.7750001,20
AURIONPRO,1231036.25,20
AUROPHARMA,2415721645.6000004,20
AUTOAXLES,3501452.15,20
AVADHSUGAR,30329082.325000003,20
AVANTIFEED,438819930.5,20
AVTNPL,5558203.4,20
AXISBANK,5014233754.2,20
AXISGOLD,1687402.375,20
AXISNIFTY,165557.885,20
AYMSYNTEX,276626.5,20
BAJAJ-AUTO,1269146756.6,20
BAJAJCON,35488967.35,20
BAJAJELEC,47315142.875,20
BAJAJFINSV,1924610833.775,20
BAJAJHLDNG,176207571.975,20
BAJFINANCE,5501596563.975,20
BALAJITELE,3259676.325,20
BALAMINES,18643997.0,20
BALAXI,355907.125,20
BALKRISIND,1048614459.2,20
BALMLAWRIE,8939455.475,20
BALPHARMA,327744.94999999995,20
BALRAMCHIN,145353434.075,20
BANARBEADS,56522.075,20
BANARISUG,704990.625,20
BANCOINDIA,2674375.45,20
BANDHANBNK,1238356489.4250002,20
BANKBARODA,1546798128.4,20
BANKBEES,55742471.39,20
BANKINDIA,72676146.8,20
BASF,27421887.15,20
BASML,75884.15,20
BATAINDIA,863132194.925,20
BAYERCROP,86365582.325,20
BBL,6386548.574999999,20
BBTC,68835362.32499999,20
BDL,17649075.725,20
BEL,1045646529.125,20
BEML,213914038.5,20
BEPL,12535046.725,20
BERGEPAINT,637676441.8,20
BFINVEST,10604032.375,20
BFUTILITIE,58595260.3,20
BGRENERGY,6658184.05,20
BHAGERIA,9277996.7,20
BHAGYAPROP,51466.2,20
BHARATFORG,556297202.275,20
BHARATRAS,26015283.549999997,20
BHARATWIRE,1636460.525,20
BHARTIARTL,7455022851.15,20
BHEL,659752793.925,20
BIL,127545.0,20
BIOCON,1322576554.1750002,20
BIRLACABLE,2343415.35,20
BIRLACORPN,57244355.125,20
BIRLAMONEY,2408941.275,20
BLISSGVS,30008668.35,20
BLS,2009732.05,20
BLUEDART,12445035.05,20
BLUESTARCO,61397000.074999996,20
BODALCHEM,26180189.8,20
BOMDYEING,150920209.60000002,20
BOSCHLTD,210941541.02499998,20
BPCL,2645166335.775,20
BRIGADE,29747084.625,20
BRITANNIA,1385038213.925,20
BRNL,220725.325,20
BROOKS,1635306.55,20
BSE,53164981.5,20
BSL,212425.7,20
BSLGOLDETF,494042.9,20
BSOFT,185322832.725,20
BUTTERFLY,11181187.5,20
CADILAHC,345341046.875,20
CAMLINFINE,41921438.025000006,20
CANBK,1428644514.6,20
CANFINHOME,192902130.625,20
CANTABIL,13682344.45,20
CAPACITE,6078806.35,20
CAPLIPOINT,63376452.375,20
CAPTRUST,279547.225,20
CARBORUNIV,18853845.7,20
CAREERP,6107724.525,20
CARERATING,149260089.925,20
CASTROLIND,261204406.15,20
CCL,66607695.775000006,20
CDSL,211978998.77499998,20
CEATLTD,83014013.9,20
CENTENKA,5631175.275,20
CENTUM,1054351.025,20
CENTURYPLY,23921485.4,20
CENTURYTEX,709142113.025,20
CERA,12379451.05,20
CESC,174667569.725,20
CESCVENT,5718272.35,20
CGCL,74027056.425,20
CHALET,2129385.525,20
CHAMBLFERT,56170139.075,20
CHEMFAB,580599.025,20
CHENNPETRO,21048225.65,20
CHOLAFIN,394135966.92499995,20
CHOLAHLDNG,20152027.775,20
CIGNITITEC,4861425.325,20
CINELINE,853554.825,20
CIPLA,1084126917.925,20
CLEDUCATE,197135.575,20
CLNINDIA,17425893.525,20
CMICABLES,693736.8500000001,20
COALINDIA,2545901644.675,20
COCHINSHIP,82067524.375,20
COLPAL,646928612.0,20
CONCOR,433750440.625,20
CONFIPET,3455458.95,20
CONTROLPR,1738285.325,20
CORDSCABLE,683756.35,20
COROMANDEL,117336140.025,20
COSMOFILMS,23972839.675,20
CREDITACC,101960410.17500001,20
CREST,454489.425,20
CRISIL,61047486.625,20
CROMPTON,237146697.625,20
CUB,217321463.0,20
CUMMINSIND,247962063.60000002,20
CUPID,12448715.875,20
CYBERTECH,691139.25,20
CYIENT,40315326.925,20
DAAWAT,18689551.1,20
DABUR,1181553795.2,20
DALBHARAT,114654271.5,20
DALMIASUG,21720618.375,20
DAMODARIND,87399.525,20
DATAMATICS,3370462.2,20
DBCORP,5030909.675000001,20
DBL,69410616.6,20
DCAL,31532633.799999997,20
DCBBANK,83245860.225,20
DCMNVL,161186.325,20
DCMSHRIRAM,17018967.1,20
DECCANCE,1626325.6749999998,20
DEEPAKFERT,34738862.175,20
DEEPAKNTR,291725828.20000005,20
DEEPIND,1688283.425,20
DELTACORP,182393888.5,20
DELTAMAGNT,51155.425,20
DEN,1646891.325,20
DENORA,1686266.3250000002,20
DFMFOODS,36137546.425,20
DHAMPURSUG,80565441.44999999,20
DHANUKA,21678598.1,20
DHUNINV,387531.2,20
DIAMONDYD,930049.025,20
DICIND,718950.575,20
DIVISLAB,1232349933.0,20
DIXON,285437174.9,20
DLF,1775286165.075,20
DLINKINDIA,7464199.475,20
DMART,3338624258.925,20
DOLAT,2909960.5,20
DOLLAR,5705927.75,20
DONEAR,487652.4,20
DREDGECORP,43212311.9,20
DRREDDY,2121071688.3249998,20
DSSL,83075.20000000001,20
DTIL,399089.75,20
DVL,468680.525,20
DWARKESH,37974870.3,20
DYNAMATECH,2757976.825,20
DYNPRO,2706329.775,20
ECLERX,16088611.425,20
EDELWEISS,98717827.425,20
EICHERMOT,2957036028.95,20
EIDPARRY,42798264.125,20
EIHAHOTELS,355299.0,20
EIHOTEL,8272072.925,20
EIMCOELECO,114355.675,20
EKC,1700050.775,20
ELECON,1696703.675,20
ELECTHERM,1310584.45,20
ELGIEQUIP,3367642.25,20
EMAMILTD,159998622.225,20
EMAMIPAP,1195258.05,20
EMKAY,480207.55000000005,20
EMMBI,1063861.025,20
ENDURANCE,17521384.6,20
ENGINERSIN,115143930.0,20
ENIL,1653031.225,20
EQUITAS,388869697.425,20
ERIS,29214264.25,20
ESABINDIA,9583397.55,20
ESCORTS,2448576136.125,20
ESSELPACK,26107895.725,20
ESTER,2709342.825,20
EVEREADY,22587284.4,20
EVERESTIND,12711328.25,20
EXCELINDUS,10979106.85,20
EXIDEIND,348054346.6,20
EXPLEOSOL,1993970.225,20
FACT,4201356.025,20
FAIRCHEM,20105032.225,20
FCL,3122915.5250000004,20
FDC,29152978.65,20
FEDERALBNK,733737985.725,20
FIEMIND,3675690.575,20
FILATEX,6443531.075,20
FINCABLES,13250585.925,20
FINEORG,35551431.7,20
FINPIPE,11382135.625,20
FLFL,15149658.375,20
FMGOETZE,556449.525,20
FORCEMOT,78370840.4,20
FORTIS,193801692.14999998,20
FOSECOIND,1092752.6,20
FRETAIL,332366167.375,20
FSC,14205930.8,20
FSL,49886242.525,20
GABRIEL,6954323.15,20
GAEL,6594897.225,20
GAIL,1514875466.0,20
GALAXYSURF,43004012.475,20
GALLANTT,123276.07500000001,20
GALLISPAT,272423.825,20
GANDHITUBE,330292.35,20
GANECOS,19771537.225,20
GANGESSECU,39161.0,20
GARFIBRES,10739491.649999999,20
GATI,20746519.575000003,20
GAYAPROJ,1276241.15,20
GDL,6341857.425,20
GEECEE,223437.34999999998,20
GENESYS,652258.625,20
GENUSPOWER,2647155.6,20
GEOJITFSL,3954767.75,20
GEPIL,11920390.475,20
GESHIP,30805309.025,20
GET&D,7280325.325,20
GFLLIMITED,11109953.399999999,20
GHCL,54621760.724999994,20
GICHSGFIN,17602397.1,20
GICRE,78133610.1,20
GILLANDERS,62807.4,20
GILLETTE,38479086.1,20
GIPCL,6970758.125,20
GKWLIMITED,48734.7,20
GLAXO,108717836.425,20
GLENMARK,590322457.825,20
GLOBALVECT,771576.4750000001,20
GLOBUSSPR,19166073.799999997,20
GMBREW,12960447.524999999,20
GMDCLTD,6183154.125,20
GMMPFAUDLR,127328032.7,20
GMRINFRA,243016114.9,20
GNA,9506036.225,20
GNFC,82205496.35,20
GOCLCORP,3122574.45,20
GODFRYPHLP,162901803.39999998,20
GODREJAGRO,50905767.5,20
GODREJCP,925933028.8499999,20
GODREJIND,56692229.075,20
GODREJPROP,189123475.2,20
GOKEX,4999807.15,20
GOLDBEES,45577237.285,20
GOLDENTOBC,44614.0,20
GOLDIAM,6455577.825,20
GOLDSHARE,2679631.425,20
GOODLUCK,954398.45,20
GPIL,11988041.325,20
GPPL,17148193.05,20
GPTINFRA,206640.025,20
GRANULES,242361040.9,20
GRAPHITE,272891074.325,20
GRASIM,1413049095.775,20
GRAVITA,6801606.3,20
GREAVESCOT,22938920.85,20
GREENLAM,3184045.0999999996,20
GREENPLY,3604168.575,20
GRINDWELL,9597083.9,20
GRPLTD,172893.3,20
GRSE,33127840.35,20
GSCLCEMENT,1232666.275,20
GSFC,26444405.975,20
GSKCONS,157572478.5,20
GSPL,105067259.25,20
GSS,546005.3,20
GTPL,2521234.85,20
GUFICBIO,3949807.425,20
GUJALKALI,20458190.675,20
GUJAPOLLO,208558.4,20
GUJGASLTD,295409692.725,20
GULFOILLUB,3152882.375,20
GULFPETRO,1297204.7999999998,20
GULPOLY,419282.32499999995,20
HAL,29751549.225,20
HARITASEAT,1401947.475,20
HARRMALAYA,2626048.05,20
HATSUN,7275616.6,20
HAVELLS,842994494.975,20
HCG,1731837.15,20
HCLTECH,2290507195.475,20
HDFC,7124285263.925,20
HDFCAMC,943630561.0250001,20
HDFCBANK,7292427789.0,20
HDFCLIFE,1256954329.85,20
HDFCMFGETF,11058640.45,20
HDFCNIFETF,932781.575,20
HDFCSENETF,562877.905,20
HEG,276994575.1,20
HEIDELBERG,69879484.55000001,20
HERCULES,1142120.875,20
HERITGFOOD,8181280.3,20
HEROMOTOCO,1949250928.5,20
HESTERBIO,4264399.325,20
HEXAWARE,127872352.25,20
HGINFRA,8266606.800000001,20
HGS,10567680.725,20
HIKAL,31393193.925,20
HIL,12895617.325,20
HIMATSEIDE,14539645.025,20
HINDALCO,1415422874.6,20
HINDCOMPOS,952321.175,20
HINDCOPPER,24410454.0,20
HINDOILEXP,13978677.325,20
HINDPETRO,943540427.25,20
HINDUNILVR,3398552477.275,20
HINDZINC,65641676.599999994,20
HIRECT,9418076.575,20
HISARMETAL,291854.05,20
HITECH,2201306.875,20
HITECHCORP,215841.675,20
HITECHGEAR,534216.925,20
HMVL,609680.575,20
HNDFDS,4308389.275,20
HNGSNGBEES,172343.0,20
HONAUT,68760378.55000001,20
HONDAPOWER,4744897.9,20
HOVS,218179.55,20
HPL,2178854.475,20
HSCL,37758954.85,20
HSIL,16836481.799999997,20
HUDCO,28639209.35,20
IBREALEST,204349428.89999998,20
IBULHSGFIN,9256602402.025,20
IBULISL,16377930.5,20
IBVENTURES,358215482.875,20
ICICI500,945787.0700000001,20
ICICIB22,8385756.65,20
ICICIBANK,7914366640.2,20
ICICIBANKN,468375.985,20
ICICIBANKP,249443.705,20
ICICIGI,379257129.4,20
ICICIGOLD,939256.205,20
ICICILIQ,20392970.58,20
ICICILOVOL,175162.125,20
ICICIMCAP,1119929.25,20
ICICINF100,207736.22,20
ICICINIFTY,15592601.985,20
ICICINV20,282237.62,20
ICICINXT50,698603.595,20
ICICIPRULI,594018922.8,20
ICICISENSX,182853.86,20
ICIL,11698478.55,20
ICRA,14854783.850000001,20
IDBI,61343948.4,20
IDBIGOLD,411039.1,20
IDFC,35237866.825,20
IDFCFIRSTB,520584959.275,20
IEX,86920746.44999999,20
IFBAGRO,3284419.8499999996,20
IFBIND,10930529.9,20
IFGLEXPOR,291235.32499999995,20
IGARASHI,66585261.025,20
IGL,1466795111.975,20
IGPL,3515182.2750000004,20
IIFL,69482255.92500001,20
IMFA,4043640.95,20
IMPAL,774127.2,20
INDHOTEL,121421838.44999999,20
INDIACEM,123961340.025,20
INDIAGLYCO,128305745.60000001,20
INDIAMART,217539039.7,20
INDIANB,93823102.725,20
INDIANCARD,48146.4,20
INDIANHUME,7043224.975,20
INDIGO,1339327309.725,20
INDNIPPON,3318190.8,20
INDOCO,18047474.85,20
INDORAMA,336817.125,20
INDOSTAR,31594891.875,20
INDOTHAI,109421.75,20
INDRAMEDCO,4193248.5,20
INDTERRAIN,548068.65,20
INDUSINDBK,8273896382.375,20
INEOSSTYRO,3648635.75,20
INFIBEAM,55952546.375,20
INFOBEAN,9808652.525,20
INFRABEES,286187.045,20
INFRATEL,1526354732.125,20
INFY,4045943749.125,20
INGERRAND,9167649.925,20
INOXLEISUR,155364947.65,20
INOXWIND,9325525.275,20
INSECTICID,7033735.6,20
INSPIRISYS,195189.975,20
INTELLECT,24606333.375,20
IOC,1367670830.85,20
IOLCP,161675100.875,20
IPCALAB,269484935.8,20
IRB,188125947.8,20
IRCON,297274181.45000005,20
ISEC,161280797.825,20
ISFT,385294.175,20
ITC,3398800976.55,20
ITDC,29607484.299999997,20
ITDCEM,12667935.725,20
ITI,37912248.45,20
IVP,65231.725,20
IVZINGOLD,62910.0,20
IZMO,280482.525,20
JAGRAN,31841091.075000003,20
JAGSNPHARM,304433.475,20
JAIBALAJI,167508.675,20
JAICORPLTD,138045511.55,20
JAMNAAUTO,22335708.200000003,20
JAYAGROGN,1151162.525,20
JAYBARMARU,7067536.65,20
JAYSREETEA,2796178.2,20
JBCHEPHARM,59974565.3,20
JBMA,5246118.975,20
JCHAC,27679383.7,20
JINDALPOLY,5508919.050000001,20
JINDALSAW,54509144.075,20
JINDALSTEL,3553295398.45,20
JINDRILL,2152181.275,20
JINDWORLD,9904585.875,20
JKCEMENT,90649780.30000001,20
JKIL,17373471.3,20
JKLAKSHMI,37614232.75,20
JKPAPER,87641770.1,20
JKTYRE,30194878.275,20
JMA,76427.7,20
JMCPROJECT,10469531.375,20
JMFINANCIL,67374779.025,20
JOCIL,254198.825,20
JSL,45441153.675,20
JSLHISAR,13048578.425,20
JSWENERGY,37425951.675,20
JSWHL,2385279.9000000004,20
JSWSTEEL,1799451137.475,20
JTEKTINDIA,3744151.8,20
JUBILANT,80997654.625,20
JUBLFOOD,1804710947.65,20
JUMPNET,44223793.224999994,20
JUNIORBEES,21256691.15,20
JUSTDIAL,1161191143.025,20
JYOTHYLAB,32659471.299999997,20
KABRAEXTRU,697652.525,20
KAJARIACER,71310620.675,20
KAKATCEM,8041405.025,20
KALPATPOWR,44029737.775,20
KAMATHOTEL,1039420.825,20
KAMDHENU,866998.8500000001,20
KANORICHEM,931308.85,20
KANSAINER,91825423.625,20
KARDA,1998496.975,20
KARURVYSYA,27270802.75,20
KAYA,3558799.6500000004,20
KCP,1726873.3250000002,20
KDDL,518771.725,20
KEC,121091897.35,20
KEI,79424329.675,20
KENNAMET,3351295.45,20
KESORAMIND,5599740.65,20
KHADIM,9233078.4,20
KICL,591039.2749999999,20
KILITCH,1879288.325,20
KINGFA,2332061.875,20
KIOCL,1124784.35,20
KIRIINDUS,71796846.65,20
KIRLOSBROS,2391331.65,20
KIRLOSENG,3955182.875,20
KIRLOSIND,521007.125,20
KITEX,34295208.825,20
KKCL,506794.75,20
KNRCON,32197924.025,20
KOKUYOCMLN,2151383.025,20
KOLTEPATIL,10169195.149999999,20
KOPRAN,2176691.775,20
KOTAKBANK,3646357788.975,20
KOTAKBKETF,15652950.115,20
KOTAKGOLD,6100352.050000001,20
KOTAKNIFTY,5636124.91,20
KOTAKNV20,422215.865,20
KOTAKPSUBK,1269937.925,20
KOTHARIPRO,355213.5,20
KPITTECH,16247860.899999999,20
KPRMILL,3937505.6,20
KRBL,49015311.375,20
KREBSBIO,364382.725,20
KSB,6079859.725,20
KSCL,27078396.025,20
KSL,7514012.175000001,20
KTKBANK,45714888.875,20
L&TFH,833824961.0,20
LALPATHLAB,213691271.075,20
LAMBODHARA,180361.95,20
LAOPALA,17857453.225,20
LAURUSLABS,76595927.725,20
LAXMIMACH,18768076.325,20
LEMONTREE,45081461.0,20
LGBBROSLTD,8573428.825,20
LIBERTSHOE,11186150.325,20
LICHSGFIN,2312050106.05,20
LICNETFGSC,37135.625,20
LINCOLN,8764497.075,20
LINCPEN,599694.425,20
LINDEINDIA,30810719.075,20
LIQUIDBEES,698519369.7950001,20
LIQUIDETF,10799975.355,20
LOKESHMACH,265771.775,20
LOTUSEYE,295322.5,20
LOVABLE,945466.65,20
LT,3896217320.275,20
LTI,168289632.14999998,20
LTTS,120808720.7,20
LUMAXIND,4536198.5,20
LUMAXTECH,3442277.15,20
LUPIN,1250890532.975,20
LUXIND,76327719.25,20
M&M,1631074078.275,20
M&MFIN,614404192.2,20
M50,107905.705,20
MAANALU,285138.525,20
MADHAV,215340.84999999998,20
MAGADSUGAR,4098558.975,20
MAGMA,5765747.475,20
MAHASTEEL,1115774.975,20
MAHESHWARI,6308242.824999999,20
MAHINDCIE,14071822.0,20
MAHLIFE,12547012.25,20
MAHLOG,19415394.9,20
MAHSCOOTER,15474886.7,20
MAHSEAMLES,4831226.625,20
MAITHANALL,14273627.825,20
MAJESCO,7327925.125,20
MALUPAPER,1265999.2,20
MAN50ETF,220789.02500000002,20
MANAKSIA,1129594.375,20
MANAPPURAM,1215067666.225,20
MANGALAM,388823.925,20
MANGCHEFER,3185755.15,20
MANGLMCEM,2741319.25,20
MANINDS,6039076.6,20
MANINFRA,2798673.375,20
MARATHON,1769434.125,20
MARICO,849105872.125,20
MARUTI,5433073740.775,20
MASFIN,45899459.325,20
MASTEK,18770055.375,20
MATRIMONY,1927274.775,20
MAWANASUG,5340554.25,20
MAXINDIA,14600292.45,20
MAXVIL,4768546.65,20
MAYURUNIQ,17969686.8,20
MAZDA,3716349.525,20
MCDOWELL-N,1661894106.875,20
MCX,510887672.775,20
MEGH,45006031.7,20
MENONBE,319299.975,20
MEP,3001871.3,20
METROPOLIS,65721371.95,20
MFSL,872953117.825,20
MGL,911944938.0999999,20
MHRIL,4825461.65,20
MIDHANI,143603147.3,20
MINDACORP,25211335.35,20
MINDAIND,36984946.05,20
MINDTECK,230629.275,20
MINDTREE,680331392.875,20
MIRZAINT,9722999.5,20
MMFL,1495579.475,20
MOIL,16710534.25,20
MOLDTECH,206555.2,20
MOLDTKPAC,8091694.5,20
MONTECARLO,3261536.8,20
MOTHERSUMI,1143653121.975,20
MOTILALOFS,70980280.025,20
MPHASIS,111782087.25,20
MPSLTD,1878509.575,20
MRF,436679824.375,20
MRPL,15483953.7,20
MSTCLTD,149227335.175,20
MUKANDLTD,442003.525,20
MUKTAARTS,274114.575,20
MUNJALAU,3705185.075,20
MUNJALSHOW,1572792.95,20
MUTHOOTCAP,6541603.95,20
MUTHOOTFIN,712478427.2249999,20
N100,20168360.755000003,20
NACLIND,2718036.25,20
NAHARCAP,133562.05,20
NAHARINDUS,173371.15,20
NAHARPOLY,221729.875,20
NAHARSPING,292280.44999999995,20
NATCOPHARM,108868742.75,20
NATHBIOGEN,3166661.2249999996,20
NATIONALUM,345047572.925,20
NAUKRI,709304140.425,20
NAVINFLUOR,114474645.475,20
NAVKARCORP,4897093.625,20
NAVNETEDUL,3137421.425,20
NBCC,322725412.75,20
NBIFIN,128870.1,20
NBVENTURES,4872718.175,20
NCC,770172700.25,20
NCLIND,4278780.05,20
NDGL,33453.375,20
NDL,1087231.55,20
NDTV,471544.95,20
NELCAST,2217107.525,20
NELCO,10112164.149999999,20
NEOGEN,29177149.875,20
NESCO,32352645.4,20
NESTLEIND,1469922428.375,20
NEULANDLAB,9400857.675,20
NEWGEN,3258037.2,20
NFL,6425055.125,20
NH,90766933.425,20
NHPC,194027934.10000002,20
NIACL,38536120.35,20
NIFTYBEES,61411813.455,20
NIITLTD,44862791.275000006,20
NIITTECH,775214593.5,20
NILKAMAL,24443268.975,20
NIPPOBATRY,1098468.25,20
NITCO,685909.125,20
NITINSPIN,1196628.75,20
NLCINDIA,55148043.325,20
NMDC,818260943.7,20
NOCIL,130830692.05,20
NRAIL,3350090.2,20
NRBBEARING,1959171.525,20
NSIL,215916.175,20
NTPC,2114372807.9,20
NUCLEUS,2920519.3,20
OAL,602347.125,20
OBEROIRLTY,89799234.4,20
OCCL,2497297.675,20
OFSS,43726311.525000006,20
OIL,397457354.475,20
OLECTRA,7667829.375,20
OMAXAUTO,644135.7250000001,20
OMAXE,15814783.4,20
OMMETALS,1304203.65,20
ONEPOINT,650095.75,20
ONGC,2217557943.025,20
ONMOBILE,2428226.775,20
ONWARDTEC,395973.35,20
OPTIEMUS,626841.95,20
ORBTEXP,267953.6,20
ORIENTBANK,29121718.925,20
ORIENTBELL,1047856.525,20
ORIENTCEM,13355691.600000001,20
ORIENTELEC,62883383.05,20
ORIENTHOT,576706.8,20
ORIENTPPR,7141893.375,20
ORIENTREF,9344927.45,20
ORISSAMINE,119256334.3,20
PAGEIND,673084724.7,20
PAISALO,3574025.925,20
PANACEABIO,2338176.8,20
PANAMAPET,590686.5,20
PAPERPROD,11042345.125,20
PARAGMILK,49670751.425,20
PDSMFL,2742780.625,20
PEL,2951966245.2,20
PENIND,4531713.4,20
PERSISTENT,50374235.625,20
PETRONET,622553038.55,20
PFC,913472773.9,20
PFIZER,119557103.375,20
PFOCUS,1212390.9500000002,20
PGEL,3814255.975,20
PGHH,33230643.05,20
PGHL,65071091.400000006,20
PGIL,404186.25,20
PHILIPCARB,66116677.15,20
PHOENIXLTD,104104741.9,20
PIDILITIND,665764998.95,20
PIIND,281056381.525,20
PILANIINVS,5774463.725,20
PIONDIST,4163674.5,20
PIONEEREMB,267588.825,20
PITTIENG,759618.95,20
PLASTIBLEN,944467.025,20
PNB,904690696.2249999,20
PNBGILTS,3390007.575,20
PNBHOUSING,244217784.7,20
PNCINFRA,52768597.9,20
PODDARHOUS,41725.35,20
PODDARMENT,1451573.1,20
POKARNA,2622065.125,20
POLYCAB,277887756.70000005,20
POLYMED,21579536.95,20
POLYPLEX,30510326.125,20
PONNIERODE,439914.075,20
POWERGRID,1957520058.625,20
POWERMECH,15253901.45,20
PPAP,1948815.1749999998,20
PPL,1824474.4,20
PRABHAT,2790380.05,20
PRAJIND,90678298.92500001,20
PRAKASH,18508987.5,20
PRECWIRE,1156186.75,20
PREMEXPLN,1229488.85,20
PREMIERPOL,54677.325,20
PRESTIGE,68775933.65,20
PRICOLLTD,7827404.825,20
PRIMESECU,559946.5,20
PRSMJOHNSN,11601561.75,20
PSPPROJECT,8933566.625,20
PSUBNKBEES,1166213.305,20
PTC,27349195.625,20
PTL,225945.275,20
PUNJABCHEM,905490.9,20
PURVA,4345758.675,20
PVR,507001655.725,20
QGOLDHALF,2249166.825,20
QUESS,57114275.625,20
QUICKHEAL,16316438.0,20
RADICO,162104526.275,20
RADIOCITY,3016898.225,20
RAIN,99233894.6,20
RAJESHEXPO,118140083.0,20
RAJTV,239402.375,20
RALLIS,83741903.225,20
RAMASTEEL,254567.625,20
RAMCOCEM,212948111.175,20
RAMCOIND,3870455.4,20
RAMCOSYS,6755460.4,20
RAMKY,1238752.575,20
RANEHOLDIN,2866778.2,20
RATNAMANI,13078846.975,20
RAYMOND,146573608.55,20
RBL,6026294.5,20
RBLBANK,2526887151.15,20
RCF,43508994.099999994,20
RECLTD,609489328.125,20
REDINGTON,25083477.15,20
REFEX,13021191.7,20
RELAXO,166870829.225,20
RELIANCE,11866510160.85,20
RELIGARE,9954194.05,20
REMSONSIND,134434.75,20
REPCOHOME,28565359.725,20
REPRO,2151104.2,20
RESPONIND,8887560.325,20
REVATHI,380459.42500000005,20
RGL,1502418.6749999998,20
RICOAUTO,9707542.8,20
RIIL,134768587.875,20
RITES,232317163.27499998,20
RKFORGE,5840726.125,20
RML,3086254.1500000004,20
ROHLTD,3316410.0999999996,20
RPGLIFE,6351930.6,20
RPPINFRA,855260.4,20
RSSOFTWARE,260845.575,20
RSWM,1649404.6,20
RSYSTEMS,4818124.050000001,20
RUBYMILLS,571301.125,20
RUCHIRA,3508605.325,20
RUPA,5474648.949999999,20
RUSHIL,1156247.475,20
RVNL,112434202.55000001,20
SADBHAV,28799574.475,20
SADBHIN,9433407.15,20
SAGCEM,1276294.85,20
SAIL,974454053.075,20
SAKSOFT,1292629.0,20
SALASAR,6055989.525,20
SALONA,87074.125,20
SALZERELEC,1054613.6,20
SANDESH,230268.8,20
SANDHAR,1303444.0499999998,20
SANGHIIND,2950179.425,20
SANGHVIMOV,3301089.6500000004,20
SANOFI,96269869.475,20
SARDAEN,6581161.5,20
SAREGAMA,2476172.4,20
SASKEN,2562261.35,20
SASTASUNDR,162126.15000000002,20
SATIA,6396857.3,20
SATIN,11942097.625,20
SBIETFQLTY,130920.57999999999,20
SBILIFE,726386595.75,20
SBIN,12908026889.25,20
SCHAEFFLER,26217241.15,20
SCHNEIDER,21794263.15,20
SCI,41528592.975,20
SEAMECLTD,1317608.35,20
SELAN,2976057.2,20
SEQUENT,31536603.200000003,20
SESHAPAPER,1983110.025,20
SETFGOLD,10006365.850000001,20
SETFNIF50,26909580.335,20
SETFNIFBK,13653045.425,20
SETFNN50,2165962.29,20
SEYAIND,576211.075,20
SFL,19245754.75,20
SHAKTIPUMP,26604271.6,20
SHALBY,5412764.675,20
SHALPAINTS,15655866.325,20
SHANKARA,33637163.1,20
SHANTIGEAR,370744.5,20
SHARDACROP,2287117.65,20
SHARDAMOTR,1116149.25,20
SHEMAROO,1419490.625,20
SHILPAMED,61116885.2,20
SHIVAMILLS,50804.525,20
SHIVATEX,87273.9,20
SHK,4625796.6,20
SHOPERSTOP,8373612.075,20
SHREDIGCEM,11780032.6,20
SHREECEM,802393176.8,20
SHREEPUSHK,4200860.125,20
SHRENIK,5756447.025,20
SHREYANIND,1285273.175,20
SHREYAS,588639.2,20
SHRIRAMCIT,10163463.425,20
SIEMENS,520659866.9,20
SILINV,240051.1,20
SIMPLEXINF,38288442.5,20
SIS,22320210.1,20
SIYSIL,2868057.5,20
SJVN,67694872.5,20
SKFINDIA,23285161.45,20
SKIPPER,3337166.9000000004,20
SKMEGGPROD,497761.2,20
SMARTLINK,150597.075,20
SMLISUZU,35860586.474999994,20
SMSLIFE,715299.1,20
SMSPHARMA,934174.3500000001,20
SNOWMAN,38497815.95,20
SOBHA,85980034.075,20
SOLARA,60238959.05,20
SOLARINDS,23946898.65,20
SOMANYCERA,12762961.95,20
SONATSOFTW,24876202.125,20
SORILINFRA,8094684.125,20
SOTL,480124.57499999995,20
SPAL,2265817.95,20
SPANDANA,59979832.150000006,20
SPARC,126473858.1,20
SPECIALITY,6227369.975,20
SPENCERS,109218553.25,20
SPICEJET,133840219.6,20
SPLIL,789764.85,20
SREEL,1435226.7999999998,20
SRF,1015230588.725,20
SRHHYPOLTD,645636.25,20
SRIPIPES,39456149.55,20
SRTRANSFIN,2253125986.225,20
SSWL,2876577.4000000004,20
STAR,286372478.75,20
STARCEMENT,3517923.05,20
STARPAPER,12546689.975000001,20
STCINDIA,1372313.45,20
STEELCITY,88193.3,20
STEL,424048.4,20
STERTOOLS,2404543.9,20
STRTECH,110025751.9,20
SUBROS,6721493.15,20
SUDARSCHEM,73950633.44999999,20
SUMMITSEC,516651.975,20
SUNCLAYLTD,1705590.2000000002,20
SUNDARMFIN,53869393.0,20
SUNDARMHLD,828685.075,20
SUNDRMBRAK,635371.45,20
SUNDRMFAST,27653673.975,20
SUNFLAG,4632125.075,20
SUNPHARMA,1772409925.9,20
SUNTECK,57816125.85,20
SUNTV,1048034133.225,20
SUPERHOUSE,591547.4750000001,20
SUPPETRO,1852785.7,20
SUPRAJIT,8695929.35,20
SUPREMEIND,56302336.9,20
SURYAROSNI,6426257.275,20
SUTLEJTEX,504697.075,20
SUVEN,22131404.95,20
SWANENERGY,8108422.075,20
SWARAJENG,3955887.425,20
SWELECTES,652415.175,20
SWSOLAR,47031001.55,20
SYMPHONY,33775795.45,20
SYNGENE,26806457.549999997,20
TAINWALCHM,468541.775,20
TAJGVK,5349324.25,20
TAKE,9721324.2,20
TALBROAUTO,869835.8,20
TANLA,18477525.924999997,20
TARMAT,218555.425,20
TASTYBITE,18034011.325,20
TATACHEM,575221411.2,20
TATACOFFEE,34373717.7,20
TATACOMM,22104522.5,20
TATAELXSI,595691254.075,20
TATAINVEST,51292673.7,20
TATAMETALI,14774934.875,20
TATAMOTORS,8012296244.9,20
TATAMTRDVR,194199699.22500002,20
TATAPOWER,370136441.625,20
TATASTEEL,5829109571.425,20
TATASTLBSL,25368283.075,20
TBZ,2068962.0499999998,20
TCI,3111692.0,20
TCIDEVELOP,72260.275,20
TCIEXP,20931732.3,20
TCNSBRANDS,3036914.65,20
TCPLPACK,1035614.375,20
TCS,5098122281.325001,20
TDPOWERSYS,3152195.525,20
TEAMLEASE,45954175.125,20
TECHM,1368096824.875,20
TECHNOE,1383195.7999999998,20
TEJASNET,7306509.6,20
TERASOFT,161126.625,20
TEXINFRA,870175.8999999999,20
TEXRAIL,11369146.975,20
TFCILTD,11411403.100000001,20
THANGAMAYL,4499365.025,20
THEINVEST,480583.4,20
THERMAX,44441002.95,20
THOMASCOOK,13375492.774999999,20
THYROCARE,67972777.875,20
TIDEWATER,4233364.35,20
TIIL,1093260.0750000002,20
TIINDIA,24002482.875,20
TIL,666257.625,20
TIMETECHNO,5733231.574999999,20
TIMKEN,47078615.150000006,20
TINPLATE,29713982.424999997,20
TIRUMALCHM,22369232.775,20
TITAN,2173043884.85,20
TNPETRO,3659494.7249999996,20
TNPL,6341899.775,20
TOKYOPLAST,174014.325,20
TORNTPHARM,659540551.0,20
TORNTPOWER,343576050.55,20
TPLPLASTEH,403508.0,20
TRENT,430341267.2,20
TRF,4383974.7,20
TRIGYN,2023676.5,20
TRITURBINE,2696399.6,20
TRIVENI,29059187.725,20
TTKHLTCARE,1306071.75,20
TTKPRESTIG,21112721.125,20
TTL,186429.25,20
TV18BRDCST,75040633.125,20
TVSELECT,4610274.475,20
TVSMOTOR,594442048.7,20
TVSSRICHAK,3442719.325,20
TVTODAY,4976234.775,20
TWL,26980834.925,20
UBL,489224308.425,20
UCALFUEL,1303741.125,20
UFLEX,11163665.475000001,20
UFO,3602403.125,20
UJJIVAN,610702879.45,20
ULTRACEMCO,1741098825.2,20
UMANGDAIRY,378744.05000000005,20
UNICHEMLAB,4214183.525,20
UNIENTER,246533.3,20
UNIONBANK,111644224.4,20
UNITEDTEA,179223.40000000002,20
UNIVCABLES,1654520.525,20
UPL,1663366185.775,20
USHAMART,4929477.675000001,20
UTINEXT50,64288.875,20
UTINIFTETF,2344266.9699999997,20
UTISENSETF,450280.415,20
UTTAMSUGAR,7737960.775,20
V2RETAIL,14835039.65,20
VADILALIND,9260398.2,20
VAIBHAVGBL,32728713.475,20
VAKRANGEE,97030845.35,20
VARDHACRLC,174216.02500000002,20
VARROC,12567616.275,20
VBL,190099455.175,20
VEDL,1721825629.45,20
VENKEYS,137856422.2,20
VENUSREM,280643.8,20
VESUVIUS,2233504.45,20
VETO,945325.2,20
VGUARD,55650548.525,20
VHL,572229.0,20
VIDHIING,1564026.4,20
VIMTALABS,2163660.05,20
VINATIORGA,59522333.474999994,20
VINDHYATEL,3154774.05,20
VINYLINDIA,533730.425,20
VIPIND,132764720.5,20
VISAKAIND,7671882.35,20
VISHNU,1062870.5,20
VLSFINANCE,1115018.075,20
VMART,58102357.475,20
VOLTAMP,14890261.525,20
VOLTAS,839064814.95,20
VRLLOG,10004957.35,20
VSSL,369021.525,20
VSTIND,15710666.375,20
VSTTILLERS,5169452.85,20
VTL,9871152.075,20
WABAG,41643755.9,20
WABCOINDIA,18026201.15,20
WALCHANNAG,6647078.175,20
WATERBASE,34686291.849999994,20
WEBELSOLAR,1950349.625,20
WEIZMANIND,117493.1,20
WELCORP,214919489.9,20
WELENT,16171775.325,20
WELINV,84549.3,20
WELSPUNIND,66481036.425,20
WENDT,597663.2,20
WESTLIFE,120929933.0,20
WHEELS,1482658.4249999998,20
WHIRLPOOL,190567319.15,20
WIPRO,666545780.1,20
WOCKPHARMA,549382815.825,20
WONDERLA,3449156.5999999996,20
WSTCSTPAPR,12411695.3,20
XCHANGING,1167316.075,20
XELPMOC,196078.7,20
XPROINDIA,18777.824999999997,20
YESBANK,5096792843.625,20
ZEEL,2570631832.15,20
ZENSARTECH,9259436.75,20
ZENTEC,1615507.35,20
ZODIACLOTH,268665.375,20
ZOTA,4236457.225,20
ZUARI,4282324.825,20
ZUARIGLOB,2169522.425,20
ZYDUSWELL,11537302.2,20
